v1	v2	label
84069_R539P	7185	1
65220_R249W	6386	1
64802_A13T	64802	1
64802_R66W	3838	0
64802_R66W	64802	0
6723_V230M	6723	1
6723_R221Q	6723	1
6723_E219K	6723	1
6723_E73Q	6723	0
55092_R146W	10488	1
55092_P159S	10488	1
55092_D188G	10488	1
55092_P237L	10488	1
22977_P309L	22977	1
8574_A142T	22977	0
978_P37T	978	1
978_A40T	978	1
978_P61L	978	0
978_R68W	978	0
978_A88T	978	1
978_A88V	978	1
978_V115M	978	0
2582_R335H	2582	1
2582_G319E	2582	1
2582_K257R	2582	1
2582_R219Q	2582	1
2582_K176E	2582	1
2582_Q173P	2582	0
2582_R169Q	2582	1
2582_R75C	2582	1
2582_R58C	2582	1
7780_T132M	5817	1
7780_T132M	6351	1
54797_M19V	9477	1
200081_R154G	1838	0
200081_R154G	8687	0
200081_S514R	8687	1
200081_S514R	51019	1
200081_P541S	8687	1
200081_P541S	51019	1
2275_R226H	2624	1
84618_Y34C	55093	1
541468_M60L	80764	1
541468_Q207R	80764	0
1031_T69A	1019	1
1031_T69A	1021	1
1031_R117Q	1021	1
1031_R133Q	1021	1
26994_R97W	51619	1
388633_E108K	10490	1
2949_L179P	2947	1
2947_R86H	2947	0
2947_L23P	2947	0
10100_R118L	10488	1
388677_R74Q	2624	1
388677_R74Q	5817	1
388677_R74Q	5866	1
388677_R74Q	6615	1
388677_R74Q	10252	1
388677_R74Q	54544	1
388677_R74Q	57088	1
388677_R74Q	80764	1
388677_R74Q	353132	1
388677_A115T	2624	1
388677_A115T	5817	1
388677_A115T	5866	1
388677_A115T	6615	1
388677_A115T	10252	1
388677_A115T	54544	1
388677_A115T	57088	1
388677_A115T	80764	1
388677_A115T	353132	1
5565_G55E	1406	1
79005_A174V	8687	1
79005_R206P	388324	1
8991_R211Q	9319	1
54544_G20S	388677	1
353132_C51Y	3198	1
353132_C51Y	388677	1
353132_R83H	8601	1
353132_R83H	83897	1
353132_G108E	3198	1
353132_G108E	388677	1
353132_H113Q	3198	1
353132_H113Q	388677	1
57459_A490V	7185	1
2224_R150Q	10488	1
84283_S104T	6440	1
84283_S104T	9025	1
84283_D144G	6440	1
84283_D144G	9025	1
84283_V147M	6440	1
84283_V147M	9025	1
5824_R207G	8504	1
5824_A85V	8504	1
5824_L26I	8504	1
5824_L21V	8504	1
5824_E6K	8504	1
6258_A86V	5914	1
6258_A86V	5915	1
375035_T137M	10488	1
8548_Q40R	5565	1
8548_H45R	5565	1
2328_E158K	10488	1
2328_G180V	10488	1
2752_R286H	2752	1
2752_V176L	2752	1
2752_R90C	2752	1
2752_V80M	2752	1
2752_N74K	2752	1
2752_M18L	2752	1
4656_A181T	121457	0
4656_R147C	2512	1
4656_P49H	2512	1
343035_R167K	1967	1
51127_E173K	56658	1
51127_T30A	56658	0
3775_R171H	10488	1
9453_A146D	9453	1
9453_G181V	9453	1
9453_W222S	9453	1
1838_R80H	7186	1
1838_R80H	221504	1
64080_Q303H	64080	1
64080_M290V	64080	1
64080_I254T	64080	0
64080_P178L	64080	0
64080_A62T	64080	1
64080_S33F	64080	0
9577_V250I	29086	1
79833_G8S	79760	1
79833_S25N	79760	1
79833_V57L	79760	1
79833_C91G	79760	1
64395_Y61S	83648	1
64395_Y61S	170626	1
64395_E77K	83648	1
64395_E77K	170626	1
64395_K123R	83648	1
64395_K123R	170626	1
64395_I147V	83648	1
64395_I147V	170626	1
64395_K281Q	83648	0
64395_K281Q	170626	1
64395_R457H	83648	0
64395_R457H	170626	1
9027_F143S	10488	1
10617_Q155H	9319	0
10617_R255H	9319	1
150483_R64W	4103	1
150483_R64W	5914	1
150483_A80V	5914	0
150483_R82C	4103	1
150483_T83M	4103	1
150483_S100G	4103	1
150483_R255C	4103	1
150483_M374V	4103	1
150483_M374T	5914	1
150483_D403N	5914	1
150483_I404T	5914	0
150483_N409K	5914	1
25972_S214G	10488	1
2274_R177Q	54971	1
2274_N95K	55802	1
2274_N95K	80212	1
2274_N95K	388324	1
2274_A37S	55802	1
2274_A37S	80212	1
2274_A37S	388324	1
8440_E125K	8045	1
90557_G302R	23281	1
151531_R136Q	151531	1
151531_P207S	151531	1
151531_V210I	151531	1
151531_M263T	151531	1
151531_D283N	151531	1
25801_S80A	4107	0
25801_K115R	4107	0
26003_T415M	1808	1
26003_T415M	1967	1
26003_T415M	11144	1
26003_T415M	91703	1
26003_S441C	1808	1
26003_S441C	1967	1
26003_S441C	10935	0
26003_S441C	11144	1
26003_S441C	91703	1
1123_D115N	8440	1
1123_D115N	51409	0
10477_S117T	56658	1
60491_T324I	5987	0
60491_T324I	8601	1
60491_T324I	60491	0
151194_A209P	63920	0
29926_V156I	29925	1
5915_V83I	6258	1
5915_S163L	6258	1
91392_Q174R	7185	1
91392_T184A	7185	1
91392_E243A	7185	1
10293_Q428H	10982	1
51409_H200Q	1123	0
95_A111V	95	1
95_N179S	95	1
95_R197W	95	0
95_R197Q	95	1
95_W234R	95	1
95_R353C	95	0
95_R378W	95	1
95_R378Q	95	1
95_R386C	95	0
95_R393H	95	1
55802_Q474H	2274	1
55802_P332T	2274	1
55802_A297G	2274	1
50650_N432S	5987	1
11170_E141Q	7186	0
11170_S63R	7186	1
2272_Q63R	2272	0
3059_E361K	63898	1
3059_P218L	63898	1
3059_W21C	63898	1
54763_C62W	79165	1
28999_A199V	5565	1
2624_A164T	2275	1
57088_I155V	23281	1
57088_I155V	388677	1
57088_A107S	23281	1
57088_A107S	388677	1
57088_N34S	23281	1
57088_N34S	388677	1
7104_A63V	10488	1
286827_I277V	10490	1
10195_I107V	10488	1
55646_G243D	27111	1
55286_A151T	11235	1
92689_S40L	51324	1
53371_R385K	9818	1
53371_R385K	23636	1
53371_N250S	9818	1
53371_N250S	23636	1
10098_T218M	10488	1
56898_M109T	56898	0
56898_E29D	56898	0
839_V275F	839	1
839_I270T	839	1
839_K255T	839	1
839_A109T	839	1
839_N73T	839	1
839_F31L	839	1
817_R469H	817	1
817_R469C	817	1
817_G376D	817	1
817_D167E	817	1
817_D167E	10126	1
817_D167E	54971	1
817_D167E	65003	1
10252_R24H	388677	1
10252_A37T	388677	1
132321_H166R	9319	1
2993_E143K	10488	1
2993_L20S	10488	0
11275_S68A	51060	1
11275_V156I	11275	1
11275_V156I	163071	1
11275_A480T	51060	1
11199_M62T	80153	0
11199_M71L	80153	1
11199_F234S	80153	1
9319_G409E	10617	1
635_P197S	635	1
635_G199S	635	0
635_R239Q	635	1
84654_E9K	1838	1
84654_H301P	1838	1
7518_A56T	7518	0
7518_A216T	7518	1
7518_T233N	7518	1
7518_G245E	7518	1
345757_D95G	10488	1
63920_M248K	151194	0
85007_H126R	85007	1
5601_A246S	1386	1
2762_A121T	2762	1
9247_D53N	1406	1
9247_D53N	2275	1
51053_L48F	51053	1
51053_R54W	51053	1
51053_S60P	51053	1
51053_K76E	51053	1
51053_S96C	51053	1
51053_H147R	51053	1
51053_E167D	51053	1
387032_G79R	7572	0
387032_S33F	7572	1
387032_L22F	7572	1
5987_N355S	2275	0
5987_N355S	4938	0
4049_T60N	10488	1
7918_D56E	5987	0
7920_R184L	10488	1
5252_S14L	51171	1
221504_S173C	1838	1
578_R169Q	598	1
578_L163V	598	1
578_E120V	598	1
578_T103M	598	1
578_Q98E	598	1
578_Q73L	598	1
29993_D92G	29993	1
29993_L245F	29993	1
29993_M297V	29993	1
222662_K205N	10488	1
1026_S31R	595	1
1026_S31R	5111	1
1026_F63L	5111	1
1026_R67L	5111	1
1026_R83W	5111	1
1026_R84Q	896	1
1026_R84Q	5111	1
1026_C117Y	5111	1
1026_R156W	5111	0
55633_P177A	22806	1
9477_A50T	54797	1
896_A266V	1019	1
896_A266V	1021	1
896_S259A	1019	1
896_E253D	1021	1
896_E253D	1026	1
896_P134S	1019	1
896_P134S	1021	1
27232_D109N	27232	1
27232_E114K	27232	1
27232_A116G	27232	1
27232_V125M	27232	1
27232_D134G	27232	0
27232_D152N	27232	1
27232_R157W	27232	1
27232_H177N	27232	1
27232_I211T	27232	1
27232_I211T	55093	1
7180_C196R	10488	1
9457_D24Y	10126	1
9457_D24Y	80256	1
9457_R60W	10126	1
9457_R60W	80256	1
9457_M202L	10126	1
9457_M202L	80256	1
9457_R204G	10126	1
9457_R204G	80256	1
57120_L123V	57120	1
57120_G53E	57120	1
2697_A253V	10488	1
3298_Q34H	23281	1
3298_Q34H	23636	1
3298_D222V	23281	1
3298_D222V	23636	1
3298_V287I	23281	1
3298_V287I	23636	1
8504_Q82R	5824	1
5689_P11A	3860	1
5689_P11A	5987	1
5689_P11A	7185	1
60_E364Q	60	0
60_S265A	60	1
3198_S98R	2896	1
3198_S98R	8601	1
51619_G27S	27246	1
5723_T152I	5723	0
5723_T152I	6464	1
5723_T149M	5723	1
5723_T149M	6464	1
5723_A67D	5723	1
435_R12Q	435	1
8468_R175Q	80279	1
8468_H287N	80279	1
84277_T48K	10488	1
1021_S317C	1031	1
1021_S317C	1032	1
1021_D110N	1031	1
1021_D110N	1032	1
440_A277T	140691	1
51024_V124M	10488	1
835_V29E	835	1
835_R155H	835	1
835_R265G	835	1
835_G349S	835	1
835_E388K	835	1
27010_E57K	27010	0
27010_I55T	27010	1
27010_R33H	27010	1
7516_R188H	5892	1
7516_V160I	5892	1
66036_S126C	4342	1
83648_S99T	64395	1
640_A71T	10278	1
29883_K152R	10140	1
63898_E216G	23641	1
63898_G263A	23641	1
63898_K303R	23641	1
6440_R167Q	6440	1
6440_R167Q	84283	1
10687_E186K	6386	1
1808_A267S	1808	1
1808_A267S	26003	1
4342_A105S	10241	1
4342_I55V	66036	1
6386_K124R	874	1
6386_K124R	2495	1
2669_R43G	23281	1
2669_R43G	23641	1
4956_K17N	23281	1
4956_S89I	23281	1
55093_A52G	60	1
55093_A52G	978	1
55093_A52G	1967	1
55093_A52G	2495	1
55093_A52G	4282	1
55093_A52G	4830	1
55093_A52G	27232	1
55093_A52G	51074	1
55093_A52G	51171	1
55093_A52G	54472	1
55093_A52G	114824	1
55093_A52G	256281	1
79792_L231F	200845	1
79792_R249H	200845	1
79792_Q396R	200845	1
51160_R203W	7251	1
65265_G25R	23641	1
158297_N464K	2274	0
158297_N464K	2275	1
158297_D118G	2274	0
158297_D118G	2275	1
84904_R230C	10241	1
84904_D204N	10241	1
10488_R119G	598	0
10488_R119G	638	0
10488_R119G	2328	0
10488_R119G	2697	0
10488_R119G	2993	0
10488_R119G	3775	0
10488_R119G	4049	0
10488_R119G	9027	0
10488_R119G	9445	0
10488_R119G	10100	0
10488_R119G	10159	0
10488_R119G	10490	1
10488_R119G	54708	0
10488_R119G	55454	0
10488_R119G	66002	0
10488_R119G	79415	0
10488_R119G	81855	0
10488_R119G	92960	0
10488_R119G	222662	0
10488_R119G	345757	0
10488_K172E	598	0
10488_K172E	638	0
10488_K172E	2328	0
10488_K172E	2697	0
10488_K172E	2993	0
10488_K172E	3775	0
10488_K172E	4049	0
10488_K172E	9027	0
10488_K172E	9445	0
10488_K172E	10100	0
10488_K172E	10159	0
10488_K172E	10490	1
10488_K172E	54708	0
10488_K172E	55454	0
10488_K172E	79415	0
10488_K172E	81855	0
10488_K172E	92960	0
10488_K172E	222662	0
10488_K172E	345757	0
8789_P322T	8789	1
8789_L279P	8789	1
8789_Y216C	2203	1
8789_Y216C	8789	1
8789_S211N	8789	1
8789_F185S	8789	1
8789_A163T	8789	0
8789_S47A	8789	1
2203_N273S	2203	1
2203_G260R	2203	0
2203_G260R	8789	0
2203_R244W	2203	1
2203_F233L	2203	1
2203_R218K	2203	1
2203_N159K	2203	1
2203_D80N	2203	1
7185_R228H	7186	1
7185_R228C	7186	1
7185_R226H	7186	1
7185_R226C	7186	1
7185_V208M	7186	1
7185_K193R	7186	1
92399_M216V	5987	1
23099_L151V	7186	0
7186_T134A	7185	1
7186_V206I	7185	1
7186_A264T	7185	1
7186_E276Q	7185	1
7186_K278T	7185	1
7186_E346K	7186	1
7186_D462N	7185	1
7186_D462N	7186	1
7186_V475I	7185	1
7186_V475I	7186	1
7186_D488N	7185	1
7186_D488N	7186	1
27158_V153I	57019	1
27158_V153I	80125	1
27158_P281L	23281	1
27158_P281L	84260	0
84991_T224I	55165	1
80013_H135Y	5886	1
55454_P479S	10488	1
220965_P147S	374355	1
311_R230C	55165	1
54708_T20A	10488	1
55165_H57Q	311	1
55165_H57Q	84285	1
55165_H57Q	84991	1
55165_L59F	51019	1
55165_T209M	55165	1
55165_C236R	311	1
55165_C236R	84285	1
55165_C236R	84991	1
55165_A244P	311	0
55165_A244P	84285	1
55165_A244P	84991	1
55165_R348K	311	1
55165_R348K	84285	1
55165_R348K	84991	1
9124_N175S	2670	1
51013_P10L	56915	0
81855_V210M	10488	0
374355_I10V	84260	1
374355_I10V	220965	1
374355_F60L	220965	0
10935_G173C	26003	1
6050_R110C	6386	0
8045_R156Q	8440	1
23647_R138C	23647	0
23647_P77A	23647	1
3611_V340G	5987	1
3939_E55K	3939	0
7490_R201M	125115	1
7490_C138R	125115	1
51074_M181V	51074	1
51074_M181V	55093	1
51074_G111A	51074	1
51074_G111A	55093	1
84680_D59N	84680	1
29763_A61V	29993	0
5866_S190P	5866	1
2495_D151G	2495	0
2495_C91S	2495	0
2495_K54R	2495	1
2495_K54R	2512	1
2495_K54R	6386	1
2495_K54R	55093	1
2495_A48T	2495	0
26580_D20E	26580	1
254187_D25E	23281	1
254187_H96L	23281	1
254187_V215A	23281	1
254187_R237S	23281	1
254187_S242L	23281	1
254187_S292N	23281	1
254187_R303Q	23281	1
254187_R305P	23281	1
84285_R48C	55165	1
65003_R142C	817	1
91703_R8Q	26003	1
91703_R8Q	91703	1
595_A30T	1019	0
8772_D127N	8772	1
8772_N155S	8772	1
3846_Y40C	353132	1
414301_S63A	60491	1
414301_S63A	414301	1
414301_R87C	60491	1
414301_R87C	414301	1
414301_G136S	60491	1
414301_G136S	414301	1
414301_R208G	60491	1
414301_R208G	414301	1
414301_N228T	60491	1
414301_N228T	414301	1
414301_D323N	60491	1
414301_D323N	414301	1
120379_A117V	2670	0
120379_A102D	2670	1
5805_T67M	5805	0
5805_T67M	55093	0
5805_T106M	5805	0
5805_T106M	6386	0
5805_T106M	55093	0
5805_P123S	5805	0
5805_P123S	55093	0
5805_V124L	5805	0
51267_P272S	10488	1
51267_G26A	10488	1
1027_P122L	7186	1
1027_P155R	7186	1
1027_S161C	7186	1
1027_N173S	7186	1
113251_S346T	1406	1
3853_P154S	8687	1
338785_H266R	3860	1
338785_H266R	3884	1
338785_H266R	8687	1
338785_D217Y	3860	1
338785_D217Y	3884	1
338785_D217Y	8687	1
338785_R213W	3860	1
338785_R213W	8687	0
338785_R161Q	3860	1
338785_R161Q	8687	1
338785_G86E	3860	1
338785_G86E	8687	1
338785_R30C	3860	1
338785_R30C	8687	1
10193_V288M	10193	1
10193_R181H	10193	1
10193_R148H	10193	1
10193_R148C	10193	1
10193_K136N	10193	1
506_S25P	91647	1
1019_R255H	595	1
1019_R255H	896	1
1019_R255H	1031	1
1019_R209C	896	1
1019_R209C	1031	1
196477_E293K	388677	1
121457_V186G	4656	1
121457_D157Y	4656	0
51019_F44L	200081	1
4598_R325H	4598	1
84260_K127R	5987	1
4938_L327P	5987	0
113675_G108A	113675	1
160777_I46V	23281	0
79720_M151I	51160	1
1967_A219D	1967	0
1967_D191N	1967	1
1967_S149T	1967	1
1967_I94T	1967	1
1967_D60H	1967	1
80212_S70C	2274	1
221150_R396M	220134	1
221150_T348M	220134	1
221150_D335E	220134	1
221150_T254A	220134	1
221150_V187I	220134	1
221150_A28V	220134	1
9818_A34T	7185	1
9818_A34T	23636	1
23281_A89V	5866	1
23281_A89V	6615	1
23281_A89V	6723	1
23281_A89V	57088	1
23281_A89V	79673	1
23281_A89V	80256	1
23281_A89V	80764	1
23281_A89V	112858	1
23281_A89V	254187	1
11340_I39N	56915	0
11340_P87H	56915	1
11340_S91L	56915	1
11340_C125R	56915	1
11340_D202V	56915	0
2098_G190E	2098	1
2098_P182L	2098	1
2098_I145V	2098	1
9445_P31H	10488	1
115761_C148R	9319	1
91875_G424V	817	1
57820_N212D	57820	1
57820_T187A	57820	1
57820_Y106H	57820	1
57820_R104H	57820	1
57820_F41L	57820	1
4860_G51S	4860	1
4860_D157N	4860	1
4860_A161V	4860	0
4860_R168Q	4860	0
4860_M181I	4860	1
4860_R185C	4860	0
4860_A214E	4860	0
4860_V227I	4860	1
4860_I246T	4860	0
10668_R185W	10488	0
3958_R183K	3958	0
3958_Q201H	3958	0
3958_I240T	3958	0
10490_R176H	10488	1
10490_R176H	388633	1
10490_R124Q	10488	1
10490_R124Q	388633	1
78990_V78I	23201	1
78990_R146P	23201	0
8115_V103M	10241	1
51550_R164H	8548	1
256281_P185L	256281	0
256281_T149S	256281	1
256281_V146M	256281	1
256281_R137H	256281	1
256281_G85R	256281	1
23582_I277T	7138	0
23582_I277T	80764	0
23582_I277T	84645	0
23582_I277T	112858	0
23582_I277T	126003	0
23582_I277T	339345	0
6652_A233T	6652	0
6652_A233V	6652	0
6652_E237K	6652	0
6652_G238V	6652	1
6652_G252V	6652	0
6652_A255T	6652	1
6652_I257M	6652	1
51324_H272D	7186	0
51324_A180T	7186	1
4088_I170V	4089	1
4088_I170V	80125	1
80125_M25V	640	1
80125_M25V	4088	1
80125_M25V	5565	1
80125_R30L	640	1
80125_R30L	4088	1
80125_R30L	5565	1
80125_G196R	640	1
80125_G196R	4088	1
80125_G196R	5565	1
80125_P203L	640	1
80125_P203L	4088	0
80125_P203L	5565	1
80153_E450K	80153	1
80153_I442V	80153	1
80153_N416T	80153	1
80153_I378V	80153	1
80153_V267M	80153	1
342132_V147I	23641	1
342132_E183A	23641	1
342132_R469C	23641	0
146540_R212C	23281	1
23568_E87K	402	0
57019_A34E	27158	0
6898_M427I	6898	1
6898_M427T	6898	1
6898_R364Q	6898	1
6898_R364W	6898	1
6898_R306Q	6898	1
6898_D269N	6898	1
6898_V138I	6898	1
6898_P91A	6898	1
6898_S42F	6898	1
54971_A162V	817	1
54971_A162V	5565	1
388324_E153D	1032	1
388324_E153D	2274	1
112483_R126L	112483	0
112483_R126C	112483	0
112483_K85N	112483	1
64518_G282A	10241	1
64518_R196Q	10241	1
64518_Q129K	10241	1
642_I443V	642	1
642_E381A	642	1
642_E381K	642	1
642_E381K	55093	1
642_I248T	642	1
642_K244E	642	1
642_N66K	642	1
5892_R291C	22806	0
5892_G44D	7516	1
6351_A16T	7780	0
6351_C18R	7780	1
6351_A21V	7780	0
22806_N119D	1032	1
22806_N119D	5565	1
22806_N119D	5892	1
22806_N119D	26051	1
22806_N119D	29948	1
22806_N119D	55633	1
22806_N119D	56891	1
22806_N119D	56915	1
22806_A24V	1032	1
22806_A24V	5565	1
22806_A24V	5892	1
22806_A24V	26051	1
22806_A24V	29948	1
22806_A24V	55633	1
22806_A24V	56891	1
22806_A24V	56915	1
5914_P318R	6258	1
54474_S309Y	3860	1
54474_S309Y	5987	1
54474_S129N	3860	1
54474_S129N	5987	1
125115_S406L	6615	1
125115_S406L	7490	1
125115_W390R	6615	1
125115_W390R	7490	1
125115_T388M	6615	1
125115_T388M	7490	1
125115_C349R	6615	1
125115_C349R	7490	1
125115_M303T	6615	1
125115_M303T	7490	1
125115_E286D	6615	1
125115_E286D	7490	1
125115_C265Y	6615	1
125115_C265Y	7490	1
125115_R235H	6615	1
125115_R235H	7490	1
125115_T153M	6615	1
125115_T153M	7490	1
125115_A115T	6615	1
125115_A115T	7490	1
125115_S102N	6615	1
125115_S102N	7490	1
125115_F85S	6615	1
125115_F85S	7490	1
125115_T37A	6615	1
125115_T37A	7490	1
83897_R27C	3198	1
83897_S8G	3198	1
3884_Y294D	338785	1
8687_A205S	3853	1
3860_R355H	3853	1
84313_I76V	11267	1
2896_R433W	3198	1
2896_R433W	388818	1
2896_G515A	3198	1
2896_G515A	388818	1
2896_D536E	3198	1
2896_D536E	388818	1
80174_L199S	5987	1
2670_R406G	9124	1
2670_T110S	9124	1
10614_A22V	10614	1
80279_E173K	8468	1
10241_E222K	4342	1
10241_E222K	6464	1
10241_E222K	8115	1
10241_V248A	64518	1
10241_V248A	84904	1
10241_V248A	112858	1
10241_T273A	8115	1
10241_P389A	8115	1
11267_Q185R	84313	1
11267_A17T	84313	1
10140_Y50N	29883	1
4830_R18W	4830	1
4830_R27H	4830	1
4830_T86M	4830	1
4830_P101S	4830	0
140735_N33S	10126	1
3838_N86S	64802	1
3838_R117W	64802	1
3838_R117Q	64802	1
3838_P216S	64802	1
3838_V506I	64802	1
3838_V506D	64802	1
23580_M102V	171483	1
30833_R179Q	30833	1
30833_R179W	30833	0
30833_D145N	30833	0
30833_V95A	30833	0
30833_P68L	30833	0
51181_A218T	51181	0
51181_H170Y	51181	1
79415_R129W	10488	1
1068_M72T	134359	1
6760_G94S	84807	1
10982_P218S	7185	1
7572_T85M	7572	1
220134_V91I	1838	1
4089_T174N	4088	1
4089_R189C	4088	1
4089_M294V	4088	1
4089_V407L	4088	1
51298_H297Y	2275	1
51298_M249V	2275	1
51298_R231H	2275	1
51298_T184A	2275	1
51298_R176Q	2275	1
51298_R176W	2275	1
51298_R147C	2275	1
51298_L131R	2275	1
51298_D79G	2275	1
51298_P66S	2275	1
51298_S39N	2275	1
5725_A173T	6626	1
92960_C91W	10488	1
126003_S52A	23582	1
5300_A124T	80764	1
1032_P142S	1021	1
1032_A121S	1019	1
1032_A121S	1021	1
1032_V94M	1021	1
1032_P67L	1021	1
57474_E419K	23281	1
5886_T131K	7186	1
81576_S22C	7186	1
81576_S22C	7572	1
81576_S22C	7718	1
66002_R254W	10488	0
66002_R272Q	10488	1
29086_A120T	5987	0
29086_A120T	9577	1
9454_V297L	9454	1
9454_R290C	9454	1
56301_R413Q	10488	1
56301_R267H	10488	1
5349_G40S	10488	0
84807_V29A	6760	1
1891_E41A	7185	1
56891_M123T	2670	0
56891_M123T	22806	0
6626_M51T	6626	0
56915_R222C	11340	1
56915_R178W	11340	0
56915_R96Q	11340	0
56915_I84T	11340	1
56915_V78M	11340	0
56915_F31S	11340	0
56915_R12H	11340	1
5817_A67T	7780	1
79760_R68C	79833	1
339345_R73C	23582	1
339345_H68Q	23582	1
339345_R26Q	23582	1
339345_F13L	23582	1
1406_A158T	5565	1
56344_E140K	387032	1
56344_V128A	388324	1
56344_G73S	388324	1
56344_T65R	388324	1
56344_R44Q	388324	1
163071_E19G	11275	1
163071_D61V	11275	1
163071_H99N	11275	1
163071_V207A	11275	1
163071_A229P	11275	1
163071_Q357P	11275	1
163071_K404E	11275	1
51171_N186S	51171	1
51171_R130W	55093	0
51171_R108C	51171	1
51171_A56T	51171	1
51171_A56T	55093	1
51171_E50K	51171	1
51171_R47W	51171	1
51171_N31D	5252	1
51171_N31D	51171	1
51171_N31D	55093	1
51171_R27C	51171	1
51171_G16W	5252	1
2512_E57K	2512	1
23636_A279T	1838	1
23636_A279T	3298	1
23636_A279T	9818	1
79165_E97K	23641	1
79165_E97K	54763	1
7138_R39S	23582	1
51545_E32A	23281	1
51545_R143W	23281	1
29903_A54T	468	1
29903_A54T	171483	1
27111_G242R	54819	0
27111_G242R	55646	0
27111_G225R	54819	0
27111_G225R	55646	0
27111_V182M	54819	1
27111_V182M	55646	1
5111_S223P	1026	1
5111_S223P	5111	1
5111_M139V	1026	1
5111_M139V	5111	0
598_P48S	578	1
22919_I56V	22919	1
26051_P519S	1406	1
26051_P519S	22806	1
958_S124L	7186	1
958_P227A	7186	1
112858_T129A	23582	1
112858_R123Q	23582	0
112858_T8M	23582	1
9825_L443F	5987	0
9825_L443F	7186	0
6615_V118A	5987	1
79444_H164R	842	1
79444_H164R	5252	1
84619_S61R	5987	1
84619_S61R	23641	1
388818_S26Y	2896	0
874_P131S	6386	1
874_V244M	6386	1
875_R548Q	875	1
875_D388N	875	1
875_R369C	875	1
875_R224C	875	1
875_A114V	875	1
875_K102Q	875	1
875_K72I	875	1
1312_A102T	10488	1
80764_E168D	5300	1
80764_E168D	7186	1
4282_H41P	4282	0
91445_A17T	10477	1
27128_A9T	2353	1
27128_M74V	2353	1
84645_M136L	23582	1
11144_I288T	6386	0
11144_I288T	11144	1
11144_I288T	26003	1
11144_M200V	11144	1
11144_D182G	11144	1
10126_R32C	140735	0
468_T137S	23641	1
468_P258A	23641	1
468_P258A	29903	1
468_E322D	23641	0
468_E322D	29903	0
468_A324V	23641	1
468_A324V	29903	1
11252_Y267N	11252	1
11252_N259I	11252	1
11252_S258Y	11252	1
11252_R242C	11252	1
11252_A85T	11252	1
11252_D40N	11252	1
638_D69E	598	1
706_A119V	90993	0
171483_R23H	7518	1
171483_R23H	23580	1
171483_R23H	23623	1
171483_R23H	29903	1
171483_R23H	60314	1
56474_R103H	56474	1
10159_R157C	10488	1
27238_V393A	7186	1
27238_A129T	7186	1
170626_I92F	64395	1
23641_L12H	468	1
23641_L12H	2669	0
23641_L12H	7138	0
23641_L12H	9491	0
23641_L12H	11170	0
23641_L12H	63898	0
23641_L12H	65265	1
23641_L12H	79165	0
23641_L12H	84619	0
23641_L12H	342132	0
4107_R9C	25801	1
4107_R121H	25801	1
4103_S41F	80700	1
8269_R138Q	10488	1
