transcript,number products,product
NM_001160184.1,1,NP_001153656.1
NM_023018.4,1,NP_075394.3
NM_207356.2,1,NP_997239.2
NM_022787.3,1,NP_073624.2
NM_003132.2,1,NP_003123.2
NM_021933.3,1,NP_068752.2
NM_001136216.1,1,NP_001129688.1
NM_001229.3,1,NP_001220.2
NM_017556.2,1,NP_060026.2
NM_012067.2,1,NP_036199.2
NM_003689.3,1,NP_003680.2
NM_001785.2,1,NP_001776.1
NM_001102398.1,1,NP_001095868.1
NM_000403.3,1,NP_000394.2
NM_020317.3,1,NP_064713.3
NM_032513.3,1,NP_115902.1
NM_017638.2,1,NP_060108.2
NM_005626.4,1,NP_005617.2
NM_175852.3,1,NP_787048.1
NM_014408.3,1,NP_055223.1
NM_004468.4,1,NP_004459.2
NM_032526.1,1,NP_115915.1
NM_003629.3,1,NP_003620.3
NM_001013615.2,1,NP_001013633.1
NM_078626.2,1,NP_523240.1
NM_014372.4,1,NP_055187.1
NM_015913.3,1,NP_056997.1
NM_004799.2,1,NP_004790.2
NM_001010978.2,1,NP_001010978.2
NM_015888.4,1,NP_056972.1
NM_001134420.1,1,NP_001127892.1
NM_001938.2,1,NP_001929.1
NM_003567.3,1,NP_003558.1
NM_000851.3,1,NP_000842.2
NM_000849.4,1,NP_000840.2
NM_203412.1,1,NP_981957.1
NM_001201545.1,1,NP_001188474.1
NM_006594.3,1,NP_006585.2
NM_005725.4,1,NP_005716.2
NM_152367.2,1,NP_689580.2
NM_001002811.1,1,NP_001002811.1
NM_203458.3,1,NP_982283.2
NM_014455.2,1,NP_055270.1
NM_005399.3,1,NP_005390.1
NM_024041.3,1,NP_076946.1
NM_003944.3,1,NP_003935.2
NM_001134939.1,1,NP_001128411.1
NM_019060.2,1,NP_061933.1
NM_178349.1,1,NP_848126.1
NM_005978.3,1,NP_005969.1
NM_020699.2,1,NP_065750.1
NM_020524.2,1,NP_065385.2
NM_003029.4,1,NP_003020.2
NM_201398.2,1,NP_958800.1
NM_001135821.1,1,NP_001129293.1
NM_014328.3,1,NP_055143.2
NM_001282625.1,1,NP_001269554.1
NM_032323.2,1,NP_115699.1
NM_182679.2,1,NP_872620.1
NM_002857.3,1,NP_002848.1
NM_006917.4,1,NP_008848.1
NM_199344.2,1,NP_955376.1
NM_003666.2,1,NP_003657.1
NM_020423.6,1,NP_065156.5
NM_014970.3,1,NP_055785.2
NM_001002294.2,1,NP_001002294.1
NM_033343.3,1,NP_203129.1
NM_001033056.2,1,NP_001028228.1
NM_000433.3,1,NP_000424.2
NM_002479.4,1,NP_002470.2
NM_014388.6,1,NP_055203.4
NM_183059.2,1,NP_898882.1
NM_032890.3,1,NP_116279.2
NM_152610.2,1,NP_689823.2
NM_020247.4,1,NP_064632.2
NM_016102.3,1,NP_057186.1
NM_004578.2,1,NP_004569.2
NM_007357.2,1,NP_031383.1
NM_002245.3,1,NP_002236.1
NM_001037277.1,1,NP_001032354.1
NM_001103.2,1,NP_001094.1
NM_001139459.1,1,NP_001132931.1
NM_001011.3,1,NP_001002.1
NM_006826.2,1,NP_006817.1
NM_022552.4,1,NP_072046.2
NM_183361.2,1,NP_899205.1
NM_013392.2,1,NP_037524.1
NM_022128.1,1,NP_071411.1
NM_199191.2,1,NP_954661.1
NM_015475.3,1,NP_056290.3
NM_024775.9,1,NP_079051.9
NM_012205.2,1,NP_036337.2
NM_025133.4,1,NP_079409.3
NM_001039349.2,1,NP_001034438.1
XM_011533033.1,1,XP_011531335.1
NM_178439.3,1,NP_848526.1
NM_032601.3,1,NP_115990.3
NM_003960.3,1,NP_003951.3
NM_213622.2,1,NP_998787.1
NM_198274.3,1,NP_938015.1
NM_152670.2,1,NP_689883.1
NM_144705.2,1,NP_653306.1
NM_144705.3,1,NP_653306.1
NM_001862.2,1,NP_001853.2
NM_014044.5,1,NP_054763.2
NM_001450.3,1,NP_001441.4
NM_001004720.2,1,NP_001004720.1
XM_005263579.1,1,XP_005263636.1
NM_013412.3,1,NP_038198.1
NM_138770.2,1,NP_620125.1
NM_173355.3,1,NP_775491.1
NM_012198.3,1,NP_036330.1
NM_015530.4,1,NP_056345.3
NM_133646.2,1,NP_598407.1
NM_001822.5,1,NP_001813.1
NM_001880.3,1,NP_001871.2
NM_006357.2,1,NP_006348.1
NM_153697.2,1,NP_710181.2
NM_002156.4,1,NP_002147.2
NM_033030.5,1,NP_149019.1
NM_001136039.2,1,NP_001129511.1
NM_001127395.1,1,NP_001120867.1
NM_015488.4,1,NP_056303.3
NM_021198.2,1,NP_067021.1
NM_032726.3,1,NP_116115.1
NM_138802.1,1,NP_620157.1
NM_205847.2,1,NP_995319.1
NM_003590.4,1,NP_003581.1
NM_001206702.1,1,NP_001193631.1
NM_001008491.1,1,NP_001008491.1
NM_198156.2,1,NP_937799.1
NM_014744.2,1,NP_055559.1
NM_000965.3,1,NP_000956.2
NM_018297.3,1,NP_060767.2
NM_016141.3,1,NP_057225.2
NM_001162429.2,1,NP_001155901.1
NM_000249.3,1,NP_000240.1
NM_031899.2,1,NP_114105.1
NM_152393.2,1,NP_689606.2
NM_001134441.1,1,NP_001127913.1
NM_006321.2,1,NP_006312.1
NM_198562.2,1,NP_940964.1
NM_001640.3,1,NP_001631.3
NM_021971.1,1,NP_068806.1
NM_005879.2,1,NP_005870.2
NM_016173.3,1,NP_057257.1
NM_001198895.1,1,NP_001185824.1
NM_018403.5,1,NP_060873.4
NM_019555.2,1,NP_062455.1
NM_012096.2,1,NP_036228.1
NM_001128214.1,1,NP_001121686.1
NM_001076778.1,1,NP_001070246.1
NM_001166243.1,1,NP_001159715.1
NM_170662.3,1,NP_733762.2
NM_014648.3,1,NP_055463.1
NM_016589.3,1,NP_057673.2
NM_005335.4,1,NP_005326.2
NM_002264.3,1,NP_002255.3
NM_017578.2,1,NP_060048.2
NM_014079.3,1,NP_054798.1
NM_172027.2,1,NP_742024.1
NM_001145662.1,1,NP_001139134.1
NM_002950.3,1,NP_002941.1
NM_004189.3,1,NP_004180.1
NM_173543.2,1,NP_775814.2
NM_020353.2,1,NP_065086.2
NM_004617.3,1,NP_004608.1
NM_015472.4,1,NP_056287.1
NM_022443.4,1,NP_071888.1
NM_173084.2,1,NP_775107.1
NM_006217.3,1,NP_006208.1
NM_007217.3,1,NP_009148.2
NM_133462.3,1,NP_597719.1
NM_003106.3,1,NP_003097.1
NM_018358.2,1,NP_060828.2
NM_005787.5,1,NP_005778.1
NM_022149.4,1,NP_071432.2
NM_001966.3,1,NP_001957.2
NM_004797.3,1,NP_004788.1
NM_001012614.1,1,NP_001012632.1
NM_017816.2,1,NP_060286.1
NM_145291.3,1,NP_660334.3
NM_018302.2,1,NP_060772.2
NM_138389.2,1,NP_612398.2
NM_001126328.2,1,NP_001119800.1
NM_004898.3,1,NP_004889.1
NM_005212.2,1,NP_005203.2
NM_017426.2,1,NP_059122.2
NM_014485.2,1,NP_055300.1
NM_006457.4,1,NP_006448.4
NM_005723.3,1,NP_005714.2
NM_020139.3,1,NP_064524.3
NM_001226.3,1,NP_001217.2
NM_172115.2,1,NP_742113.1
NM_002358.3,1,NP_002349.1
NM_024873.5,1,NP_079149.3
NM_199327.2,1,NP_955359.1
NM_001099783.1,1,NP_001093253.1
NM_002099.6,1,NP_002090.4
NM_144979.3,1,NP_659416.1
NM_007246.3,1,NP_009177.3
NM_007193.4,1,NP_009124.2
NM_001114107.4,1,NP_001107579.1
NM_018140.3,1,NP_060610.2
NM_004237.3,1,NP_004228.1
NM_022913.3,1,NP_075064.1
NM_152625.1,1,NP_689838.1
NM_031361.2,1,NP_112729.1
NM_152408.2,1,NP_689621.2
NM_001713.2,1,NP_001704.2
NM_032567.3,1,NP_115956.3
NM_022406.2,1,NP_071801.1
NM_001239.3,1,NP_001230.1
NM_173362.3,1,NP_775498.1
NM_198507.1,1,NP_940909.1
NM_017665.1,1,NP_060135.1
NM_002653.4,1,NP_002644.4
NM_130848.2,1,NP_570900.1
NM_003551.2,1,NP_003542.1
NM_005733.2,1,NP_005724.1
NM_152550.3,1,NP_689763.3
NM_152406.2,1,NP_689619.1
NM_001252390.1,1,NP_001239319.1
NM_022090.3,1,NP_071373.2
NM_012485.2,1,NP_036617.2
NM_001142556.1,1,NP_001136028.1
NM_002520.6,1,NP_002511.1
NM_001144875.1,1,NP_001138347.1
NM_153373.2,1,NP_699204.1
NM_002752.4,1,NP_002743.3
NM_001500.3,1,NP_001491.1
NM_004752.3,1,NP_004743.1
NM_016495.4,1,NP_057579.1
NM_013262.3,1,NP_037394.2
NM_015895.4,1,NP_056979.1
NM_003534.2,1,NP_003525.1
NM_003447.3,1,NP_003438.1
NM_001199480.1,1,NP_001186409.1
NM_019110.3,1,NP_061983.2
NM_032507.3,1,NP_115896.1
NM_006510.4,1,NP_006501.1
NM_052828.2,1,NP_439893.2
NM_172016.2,1,NP_742013.1
NM_025263.3,1,NP_079539.2
NM_001077511.1,1,NP_001070979.1
NM_001159740.2,1,NP_001153212.1
NM_001098534.1,1,NP_001092004.1
NM_001199240.1,1,NP_001186169.1
NM_021160.2,1,NP_066983.1
NM_024165.2,1,NP_077084.1
NM_152735.3,1,NP_689948.1
NM_001188.3,1,NP_001179.1
NM_001199583.1,1,NP_001186512.1
NM_182548.3,1,NP_872354.1
NM_000389.4,1,NP_000380.1
NM_017772.2,1,NP_060242.2
NM_003958.3,1,NP_003949.1
NM_004275.3,1,NP_004266.2
NM_001760.3,1,NP_001751.1
NM_018960.4,1,NP_061833.1
NM_001142417.2,1,NP_001135889.1
NM_018100.3,1,NP_060570.2
NM_000846.4,1,NP_000837.3
NM_152688.2,1,NP_689901.2
NM_020482.4,1,NP_065228.4
NM_001170807.1,1,NP_001164278.1
NM_002031.2,1,NP_002022.1
NM_020399.3,1,NP_065132.1
NM_000165.3,1,NP_000156.1
NM_001135564.1,1,NP_001129036.1
NM_004506.3,1,NP_004497.1
NM_001007102.2,1,NP_001007103.1
NM_006620.3,1,NP_006611.1
NM_003980.4,1,NP_003971.1
NM_001270507.1,1,NP_001257436.1
NM_153235.3,1,NP_694967.3
NM_003630.2,1,NP_003621.1
NM_032020.4,1,NP_114409.2
NM_014892.3,1,NP_055707.3
NM_031924.4,1,NP_114130.3
NM_002793.3,1,NP_002784.1
NM_001101.3,1,NP_001092.1
NM_138811.3,1,NP_620166.3
NM_005522.4,1,NP_005513.1
NM_001635.3,1,NP_001626.1
NM_015983.3,1,NP_057067.1
NM_004577.3,1,NP_004568.2
NM_000048.3,1,NP_000039.2
NM_003602.4,1,NP_003593.3
NM_032317.2,1,NP_115693.2
NM_031992.1,1,NP_114381.1
NM_005338.5,1,NP_005329.3
NM_006716.3,1,NP_006707.1
NM_005751.4,1,NP_005742.4
NM_001145306.1,1,NP_001138778.1
NM_021955.3,1,NP_068774.1
NM_001673.4,1,NP_001664.3
NM_001009960.1,1,NP_001009960.1
NM_003439.1,1,NP_003430.1
NM_001084.4,1,NP_001075.1
NM_016068.2,1,NP_057152.2
NM_017621.3,1,NP_060091.1
NM_021930.4,1,NP_068749.3
NM_178827.4,1,NP_849149.3
NM_024523.5,1,NP_078799.2
NM_016019.3,1,NP_057103.2
NM_032982.3,1,NP_116764.2
NM_001010972.1,1,NP_001010972.1
NM_022445.3,1,NP_071890.2
NM_004456.4,1,NP_004447.2
NM_170686.2,1,NP_733787.1
NM_012256.3,1,NP_036388.2
NM_005431.1,1,NP_005422.1
NM_001926.3,1,NP_001917.1
NM_015458.3,1,NP_056273.2
NM_053279.2,1,NP_444509.2
NM_001715.2,1,NP_001706.2
NM_138715.2,1,NP_619729.1
XM_011544511.1,1,XP_011542813.1
NM_004686.4,1,NP_004677.3
NM_001174159.1,1,NP_001167630.1
NM_003974.2,1,NP_003965.2
NM_001172410.1,1,NP_001165881.1
NM_152272.3,1,NP_689485.1
NM_007257.5,1,NP_009188.1
NM_001386.5,1,NP_001377.1
NM_018492.2,1,NP_060962.2
NM_001105214.2,1,NP_001098684.1
NM_002690.2,1,NP_002681.1
NM_003702.3,1,NP_003693.2
NM_005372.1,1,NP_005363.1
NM_001077619.1,1,NP_001071087.1
NM_001007067.1,1,NP_001007068.1
NM_018120.4,1,NP_060590.1
NM_003821.5,1,NP_003812.1
NM_181702.2,1,NP_859053.1
NM_012415.3,1,NP_036547.1
NM_024915.3,1,NP_079191.2
NM_024410.3,1,NP_077721.2
NM_006265.2,1,NP_006256.1
NM_018024.1,1,NP_060494.1
NM_174911.4,1,NP_777571.1
NM_052924.2,1,NP_443156.2
NM_024736.6,1,NP_079012.3
NM_183057.1,1,NP_898880.1
NM_023080.2,1,NP_075568.1
NM_153707.2,1,NP_714918.2
NM_148178.2,1,NP_680544.1
NM_004629.1,1,NP_004620.1
NM_025182.2,1,NP_079458.2
NM_032818.2,1,NP_116207.2
NM_006368.4,1,NP_006359.3
NM_006705.3,1,NP_006696.1
NM_017561.1,1,NP_060031.1
NM_003837.2,1,NP_003828.2
NM_001127628.1,1,NP_001121100.1
NM_000507.3,1,NP_000498.2
NM_001701.3,1,NP_001692.1
NM_002874.4,1,NP_002865.1
NM_139286.3,1,NP_644815.1
NM_130795.2,1,NP_570613.2
NM_005047.3,1,NP_005038.1
NM_005658.4,1,NP_005649.1
NM_138777.3,1,NP_620132.1
NM_014007.3,1,NP_054726.1
NM_020145.2,1,NP_064530.1
NM_021131.4,1,NP_066954.2
NM_152572.2,1,NP_689785.1
NM_002571.2,1,NP_002562.2
NM_052814.3,1,NP_434701.1
NM_021138.3,1,NP_066961.2
NM_004669.2,1,NP_004660.2
NM_014434.2,1,NP_055249.1
NM_006647.1,1,NP_006638.1
NM_032905.4,1,NP_116294.1
NM_024670.3,1,NP_078946.1
NM_024948.2,1,NP_079224.1
NM_003473.3,1,NP_003464.1
NM_006393.2,1,NP_006384.1
NM_018590.3,1,NP_061060.3
NM_000698.3,1,NP_000689.1
NM_153034.2,1,NP_694579.1
NM_006258.3,1,NP_006249.1
NM_198215.3,1,NP_937858.2
NM_022129.3,1,NP_071412.2
NM_020999.3,1,NP_066279.2
NM_004096.4,1,NP_004087.1
NM_145868.1,1,NP_665875.1
NM_001547.4,1,NP_001538.4
NM_001548.3,1,NP_001539.3
NM_006413.4,1,NP_006404.1
NM_017824.4,1,NP_060294.1
NM_018131.4,1,NP_060601.3
NM_145246.4,1,NP_660289.2
NM_020992.2,1,NP_066272.1
NM_001170766.1,1,NP_001164237.1
NM_016046.3,1,NP_057130.1
NM_017902.2,1,NP_060372.2
NM_030971.3,1,NP_112233.2
NM_033637.3,1,NP_378663.1
NM_006993.2,1,NP_008924.1
NM_183239.1,1,NP_899062.1
NM_198515.2,1,NP_940917.1
NM_006793.2,1,NP_006784.1
NM_024942.3,1,NP_079218.2
NM_018180.2,1,NP_060650.2
NM_014468.2,1,NP_055283.1
NM_145806.2,1,NP_665805.2
NM_203389.2,1,NP_976323.1
NM_003475.3,1,NP_003466.1
NM_019009.3,1,NP_061882.2
NM_000518.4,1,NP_000509.1
NM_012402.3,1,NP_036534.1
NM_001014794.1,1,NP_001014794.1
NM_005566.3,1,NP_005557.1
NM_006292.3,1,NP_006283.1
NM_001198551.1,1,NP_001185480.1
NM_012175.3,1,NP_036307.2
NM_015957.2,1,NP_057041.2
NM_003477.2,1,NP_003468.2
NM_139178.3,1,NP_631917.1
NM_001127219.1,1,NP_001120691.1
NM_001101802.1,1,NP_001095272.1
NM_052854.2,1,NP_443086.1
NM_001003676.1,1,NP_001003676.1
NM_001184975.1,1,NP_001171904.1
NM_004177.4,1,NP_004168.1
NM_013401.2,1,NP_037533.2
NM_002032.2,1,NP_002023.2
NM_001122955.3,1,NP_001116427.1
NM_004585.3,1,NP_004576.2
NM_001128612.1,1,NP_001122084.1
NM_001667.3,1,NP_001658.2
NM_013306.4,1,NP_037438.2
NM_006396.1,1,NP_006387.1
NM_152762.2,1,NP_689975.2
NM_032325.3,1,NP_115701.2
NM_004292.2,1,NP_004283.2
NM_015399.3,1,NP_056214.1
NM_016050.3,1,NP_057134.1
NM_080658.1,1,NP_542389.1
NM_053056.2,1,NP_444284.1
NM_003824.3,1,NP_003815.1
NM_005553.3,1,NP_005544.4
NM_015159.1,1,NP_055974.1
NM_182904.3,1,NP_878907.1
NM_033547.3,1,NP_291025.3
NM_080491.2,1,NP_536739.1
NM_001256163.1,1,NP_001243092.1
NM_001001711.2,1,NP_001001711.1
NM_138789.3,1,NP_620144.1
NM_000317.2,1,NP_000308.1
NM_032725.3,1,NP_116114.1
NM_181721.2,1,NP_859072.1
NM_012101.3,1,NP_036233.2
NM_017425.3,1,NP_059121.1
NM_003324.4,1,NP_003315.2
NM_032680.3,1,NP_116069.1
NM_001144856.1,1,NP_001138328.1
NM_006331.7,1,NP_006322.4
NM_016511.2,1,NP_057595.2
NM_004064.3,1,NP_004055.1
NM_152321.2,1,NP_689534.1
NM_024854.3,1,NP_079130.2
NM_001013699.2,1,NP_001013721.2
NM_001005242.2,1,NP_001005242.2
NM_001098614.1,1,NP_001092084.1
NM_016123.3,1,NP_057207.2
NM_002733.4,1,NP_002724.1
NM_001170804.1,1,NP_001164275.1
NM_002284.3,1,NP_002275.1
NM_005554.3,1,NP_005545.1
NM_000423.2,1,NP_000414.2
NM_175834.2,1,NP_787028.1
NM_000224.2,1,NP_000215.1
NM_021640.3,1,NP_067653.3
NM_006897.1,1,NP_008828.1
NM_021019.4,1,NP_066299.2
NM_194359.2,1,NP_919340.1
NM_001686.3,1,NP_001677.2
NM_000075.3,1,NP_000066.1
NM_152589.1,1,NP_689802.1
NM_152638.2,1,NP_689851.1
NM_001731.2,1,NP_001722.1
NM_153687.3,1,NP_710154.1
NM_016053.2,1,NP_057137.1
NM_018171.3,1,NP_060641.2
NM_001114185.1,1,NP_001107657.1
NM_016433.3,1,NP_057517.1
NM_032300.4,1,NP_115676.1
NM_002534.2,1,NP_002525.2
NM_002535.2,1,NP_002526.2
NM_138432.2,1,NP_612441.1
NM_007370.5,1,NP_031396.1
NM_178499.3,1,NP_848594.2
NM_002813.5,1,NP_002804.2
NM_024667.2,1,NP_078943.1
NM_001414.3,1,NP_001405.1
NM_025140.1,1,NP_079416.1
NM_145061.5,1,NP_659498.4
NM_001008564.1,1,NP_001008564.1
NM_153371.3,1,NP_699202.1
NM_015233.5,1,NP_056048.1
NM_032116.4,1,NP_115492.1
NM_181503.2,1,NP_852480.1
NM_001164211.1,1,NP_001157683.1
NM_001984.1,1,NP_001975.1
NM_021999.4,1,NP_068839.1
NM_001160308.1,1,NP_001153780.1
NM_138450.5,1,NP_612459.1
NM_031290.2,1,NP_112580.2
NM_021645.5,1,NP_067677.4
NM_003291.2,1,NP_003282.2
NM_001010977.1,1,NP_001010977.1
NM_138376.2,1,NP_612385.2
NM_182852.3,1,NP_878272.1
NM_021178.4,1,NP_067001.3
NM_000270.3,1,NP_000261.2
NM_032459.1,1,NP_115835.1
NM_014169.3,1,NP_054888.2
NM_017769.3,1,NP_060239.2
NM_006568.2,1,NP_006559.1
NM_002306.3,1,NP_002297.2
NM_014750.4,1,NP_055565.3
NM_001530.3,1,NP_001521.1
NM_031914.2,1,NP_114120.2
NM_021979.3,1,NP_068814.2
NM_022474.3,1,NP_071919.2
NM_006370.2,1,NP_006361.1
NM_014239.3,1,NP_055054.1
NM_005252.3,1,NP_005243.1
NM_015859.3,1,NP_056943.1
NM_022151.4,1,NP_071434.2
NM_023112.3,1,NP_075601.1
NM_001098725.1,1,NP_001092195.1
NM_032630.2,1,NP_116019.1
NM_004873.3,1,NP_004864.1
NM_177533.4,1,NP_803877.2
NM_018648.3,1,NP_061118.1
NM_001211.5,1,NP_001202.4
NM_020168.4,1,NP_064553.1
NM_007280.1,1,NP_009211.1
NM_012142.4,1,NP_036274.3
NM_080745.3,1,NP_542783.2
NM_003104.5,1,NP_003095.2
NM_207037.1,1,NP_996920.1
NM_001127889.1,1,NP_001121361.1
NM_005902.3,1,NP_005893.1
NM_182791.2,1,NP_877592.2
NM_025083.3,1,NP_079359.2
NM_001007122.2,1,NP_001007123.1
NM_001004309.2,1,NP_001004309.2
NM_018671.3,1,NP_061141.2
NM_003090.2,1,NP_003081.2
NM_001015052.2,1,NP_001015052.1
NM_006428.4,1,NP_006419.2
NM_005861.2,1,NP_005852.2
NM_001103175.1,1,NP_001096645.1
NM_005741.4,1,NP_005732.2
NM_144605.4,1,NP_653206.2
NM_201400.2,1,NP_958802.1
NM_005425.4,1,NP_005416.1
NM_001136472.1,1,NP_001129944.1
NM_153603.3,1,NP_705831.1
NM_001055.3,1,NP_001046.2
NM_006110.2,1,NP_006101.1
NM_023931.2,1,NP_076420.1
NM_152458.6,1,NP_689671.2
NM_024031.2,1,NP_076936.1
NM_018206.4,1,NP_060676.2
NM_022476.2,1,NP_071921.1
NM_012106.3,1,NP_036238.1
NM_020313.2,1,NP_064709.2
NM_001896.2,1,NP_001887.1
NM_025187.3,1,NP_079463.2
NM_022914.2,1,NP_075065.2
NM_007014.4,1,NP_008945.2
NM_000353.2,1,NP_000344.1
NM_017853.2,1,NP_060323.1
NM_007285.6,1,NP_009216.1
NM_182981.2,1,NP_892026.1
NM_005153.2,1,NP_005144.2
NM_016095.2,1,NP_057179.1
NM_017869.3,1,NP_060339.2
NM_014972.2,1,NP_055787.1
NM_001167986.1,1,NP_001161458.1
NM_004422.2,1,NP_004413.1
NM_004489.4,1,NP_004480.1
NM_004860.3,1,NP_004851.2
NM_133491.3,1,NP_597998.1
NM_000546.5,1,NP_000537.3
NM_001126112.2,1,NP_001119584.1
NM_001158261.1,1,NP_001151733.1
NM_031898.2,1,NP_114104.1
NM_145691.3,1,NP_663729.1
NM_005165.2,1,NP_005156.1
NM_000386.3,1,NP_000377.1
NM_002878.3,1,NP_002869.3
NM_002984.2,1,NP_002975.1
NM_001030002.2,1,NP_001025173.1
NM_012481.4,1,NP_036613.2
NM_001145301.2,1,NP_001138773.1
NM_019010.2,1,NP_061883.1
NM_182497.3,1,NP_872303.2
NM_031959.2,1,NP_114165.1
NM_002279.4,1,NP_002270.1
NM_006771.3,1,NP_006762.3
NM_153490.2,1,NP_705694.2
NM_004583.3,1,NP_004574.2
NM_139276.2,1,NP_644805.1
NM_198204.1,1,NP_937847.1
NM_032353.2,1,NP_115729.1
NM_005374.3,1,NP_005365.3
NM_002087.2,1,NP_002078.1
NM_025104.3,1,NP_079380.2
NM_001258396.1,1,NP_001245325.1
NM_002055.4,1,NP_002046.1
NM_006460.2,1,NP_006451.1
NM_001193465.1,1,NP_001180394.1
NM_176096.1,1,NP_788276.1
NM_003726.3,1,NP_003717.3
NM_005831.4,1,NP_005822.1
NM_007241.2,1,NP_009172.2
NM_025149.4,1,NP_079425.3
NM_001243877.1,1,NP_001230806.1
NM_000269.2,1,NP_000260.1
NM_178509.5,1,NP_848604.3
NM_080677.2,1,NP_542408.1
NM_003168.1,1,NP_003159.1
NM_002266.2,1,NP_002257.1
NM_212471.1,1,NP_997636.1
NM_012121.4,1,NP_036253.2
NM_173477.2,1,NP_775748.2
NM_014595.2,1,NP_055410.1
NM_020679.3,1,NP_065730.2
NM_001040025.1,1,NP_001035114.1
NM_024083.3,1,NP_076988.1
NM_144999.2,1,NP_659436.1
NM_016286.3,1,NP_057370.1
NM_001033046.3,1,NP_001028218.1
NM_004066.1,1,NP_004057.1
NM_005433.3,1,NP_005424.1
NM_006101.2,1,NP_006092.1
NM_001007559.1,1,NP_001007560.1
NM_014268.3,1,NP_055083.1
NM_032347.2,1,NP_115723.1
NM_006965.2,1,NP_008896.2
NM_016427.2,1,NP_057511.2
NM_145060.3,1,NP_659497.1
NM_005359.5,1,NP_005350.1
NM_025214.2,1,NP_079490.1
NM_003199.2,1,NP_003190.1
NM_004869.3,1,NP_004860.2
NM_016585.4,1,NP_057669.1
NM_194460.2,1,NP_919442.1
NM_031991.3,1,NP_114368.1
NM_016199.2,1,NP_057283.1
NM_001171091.1,1,NP_001164562.1
NM_080662.2,1,NP_542393.1
NM_174894.2,1,NP_777554.1
NM_032370.2,1,NP_115746.2
NM_020933.4,1,NP_065984.3
NM_032497.2,1,NP_115886.1
NM_006221.3,1,NP_006212.1
NM_079421.2,1,NP_524145.1
NM_001800.3,1,NP_001791.1
NM_020714.2,1,NP_065765.1
NM_032332.3,1,NP_115708.1
NM_005053.3,1,NP_005044.1
NM_030818.2,1,NP_110445.1
NM_024323.3,1,NP_077299.3
NM_023944.3,1,NP_076433.3
NM_001258374.1,1,NP_001245303.1
NM_001033549.1,1,NP_001028721.1
NM_001161357.1,1,NP_001154829.1
NM_000095.2,1,NP_000086.2
NM_004838.3,1,NP_004829.3
NM_025245.2,1,NP_079521.1
NM_019849.2,1,NP_062823.1
NM_005499.2,1,NP_005490.1
NM_001012320.1,1,NP_001012320.1
NM_005971.3,1,NP_005962.1
NM_139239.1,1,NP_640332.1
NM_152658.2,1,NP_689871.1
NM_001398.2,1,NP_001389.2
NM_001111020.2,1,NP_001104490.1
NM_020129.2,1,NP_064514.1
NM_004596.4,1,NP_004587.1
NM_030622.6,1,NP_085125.1
NM_020158.3,1,NP_064543.3
NM_013361.4,1,NP_037493.3
NM_013398.2,1,NP_037530.2
NM_182490.1,1,NP_872296.1
NM_006505.3,1,NP_006496.3
NM_001007269.1,1,NP_001007270.1
NM_001029861.2,1,NP_001025032.1
NM_000554.4,1,NP_000545.1
NM_019855.4,1,NP_062829.1
NM_153608.1,1,NP_705836.1
NM_016246.2,1,NP_057330.2
NM_000146.3,1,NP_000137.2
NM_001193357.1,1,NP_001180286.1
NM_001006656.1,1,NP_001006657.1
NM_014516.3,1,NP_055331.1
NM_024316.1,1,NP_077292.1
NM_001126132.1,1,NP_001119604.1
NM_016535.3,1,NP_057619.1
NM_013301.2,1,NP_037433.2
NM_003417.4,1,NP_003408.1
NM_024620.3,1,NP_078896.3
NM_014480.2,1,NP_055295.2
NM_181846.2,1,NP_862829.1
NM_178578.2,1,NP_848693.2
NM_001199784.1,1,NP_001186713.1
NM_002592.2,1,NP_002583.1
NM_020341.3,1,NP_065074.1
NM_032985.4,1,NP_116780.1
NM_138578.1,1,NP_612815.1
NM_012325.2,1,NP_036457.1
NM_000687.2,1,NP_000678.1
NM_015568.2,1,NP_056383.1
NM_001250.4,1,NP_001241.1
NM_033550.3,1,NP_291028.3
NM_006038.3,1,NP_006029.1
NM_005985.3,1,NP_005976.2
NM_004738.4,1,NP_004729.1
NM_007002.2,1,NP_008933.2
NM_007002.3,1,NP_008933.2
NM_175573.1,1,NP_783163.1
NM_139317.1,1,NP_647478.1
NM_001083113.1,1,NP_001076582.1
NM_020713.1,1,NP_065764.1
NM_003489.3,1,NP_003480.2
NM_203405.1,1,NP_981950.1
NM_001236.3,1,NP_001227.1
NM_152505.3,1,NP_689718.1
NM_080860.2,1,NP_543136.1
NM_033661.4,1,NP_387510.1
NM_004571.3,1,NP_004562.2
NM_001178009.1,1,NP_001171480.1
NM_000071.2,1,NP_000062.1
NM_181684.2,1,NP_859012.1
NM_181686.1,1,NP_859014.1
NM_058190.2,1,NP_478070.1
NM_017414.3,1,NP_059110.2
NM_001135161.1,1,NP_001128633.1
NM_001008695.1,1,NP_001008695.1
NM_152612.2,1,NP_689825.2
NM_003935.3,1,NP_003926.1
NM_002415.1,1,NP_002406.1
NM_012143.2,1,NP_036275.1
NM_001886.2,1,NP_001877.1
NM_172002.3,1,NP_741999.3
NM_152267.3,1,NP_689480.2
NM_001177701.2,1,NP_001171172.1
NM_013385.3,1,NP_037517.1
NM_024313.2,1,NP_077289.1
NM_032561.4,1,NP_115950.3
NM_007068.3,1,NP_008999.2
NM_007068.2,1,NP_008999.2
NM_005740.2,1,NP_005731.1
NM_001675.2,1,NP_001666.2
NM_015703.4,1,NP_056518.2
NM_032311.3,1,NP_115687.2
NM_007229.3,1,NP_009160.2
NM_001197.4,1,NP_001188.1
NM_000714.5,1,NP_000705.2
NM_001123225.1,1,NP_001116697.1
NM_005088.2,1,NP_005079.2
NM_205849.2,1,NP_995321.1
NM_001193277.1,1,NP_001180206.1
NM_019857.3,1,NP_062831.3
NM_006520.2,1,NP_006511.1
NM_001163334.1,1,NP_001156806.1
NM_001034853.1,1,NP_001030025.1
NM_005765.2,1,NP_005756.2
NM_025184.3,1,NP_079460.2
NM_002621.2,1,NP_002612.1
NM_021015.3,1,NP_066295.3
NM_021014.2,1,NP_066294.1
NM_000377.2,1,NP_000368.1
NM_001032289.1,1,NP_001027460.1
NM_015698.4,1,NP_056513.2
NM_014009.3,1,NP_054728.2
NM_133179.2,1,NP_573440.1
NM_198451.3,1,NP_940853.1
NM_001399.4,1,NP_001390.1
NM_001174068.1,1,NP_001167539.1
NM_022052.1,1,NP_071335.1
NM_018015.5,1,NP_060485.4
NM_001025580.1,1,NP_001020751.1
NM_133265.2,1,NP_573572.1
NM_006649.3,1,NP_006640.2
NM_012317.2,1,NP_036449.1
NM_001166401.1,1,NP_001159873.1
NM_001011548.1,1,NP_001011548.1
NM_052926.2,1,NP_443158.1
NM_003492.2,1,NP_003483.1
NM_000117.2,1,NP_000108.1
NM_172377.3,1,NP_758965.1
NM_171998.2,1,NP_741995.1
